mag,PU_mr
16.25,0.0
16.75,0.0
17.25,0.0
17.75,0.0
18.25,0.0
18.75,0.0
19.25,0.0
19.75,0.0
20.25,0.0
20.75,0.0
21.25,0.0
21.75,0.0
22.25,0.0
22.75,0.0
23.25,0.0
23.75,0.0
24.25,0.0
24.75,0.0
25.25,0.048275021085262715
25.75,0.24650222799336496
26.25,0.5408575679924887
26.75,0.8386567720731101
27.25,0.9805334874938698
27.75,0.9998839106072703
28.25,1.0
28.75,1.0
29.25,1.0
