mag,PU_mr
16.25,0.0
16.75,0.0
17.25,0.0
17.75,0.0
18.25,0.0
18.75,0.0
19.25,0.0
19.75,0.0
20.25,0.0
20.75,0.0
21.25,0.0
21.75,0.0
22.25,0.0
22.75,0.0
23.25,0.0
23.75,0.0
24.25,0.0
24.75,0.0
25.25,0.0
25.75,0.07053158399229198
26.25,0.40295047266822037
26.75,0.7659624379851182
27.25,0.9680433810752437
27.75,0.9999032120695396
28.25,1.0
28.75,1.0
29.25,1.0
